1-1,st,R,R,R,R,R,R,R,R,W,W,W,U,U,U,U,U,U,U,U,U,U,U,U,U,U
2-1,nd,U,U,U,U,U,U,U,U,U,U,W,W,W,W,W,W,W,W,W,W,W,W,W,W,W
3-1,rd,W,W,W,W,L,L,L,L,L,L,L,L,L,L,L,L,L,L,L,L,L,L,L,L,L
4-1,th,L,L,L,L,L,U,U,U,U,U,U,U,U,U,F,F,F,F,F,F,F,F,F,F,F
5-1,th,F,F,F,F,F,F,F,F,F,F,F,F,F,F,F,F,F,F,F,F,F,F,F,F,F
6-1,th,F,F,F,F,F,F,F,F,F,F,F,F,L,L,L,L,L,L,L,L,L,L,L,L,L
7-1,th,L,L,L,L,R,R,R,R,R,R,R,R,R,R,R,R,R,R,R,R,R,R,R,R,R
8-1,th,R,R,R,R,R,R,R,R,R,R,R,R,R,R,R,R,R,R,R,R,R,R,R,R,R
9-1,th,R,R,R,R,R,R,R,R,R,R,R,R,R,R,R,R,R,R,R,R,R,R,R,R,R
10-1,th,R,R,R,R,R,R,R,R,R,R,R,R,R,R,R,W,W,W,W,W,W,W,W,W,W
11-1,th,W,W,W,W,W,W,W,W,W,W,W,W,W,W,W,W,W,W,W,W,W,W,W,W,W
12-1,th,W,W,W,L,L,L,L,L,L,L,L,L,L,L,L,L,L,L,L,L,L,L,L,L,L
13-1,th,L,L,L,L,L,L,L,L,L,L,L,L,L,L,L,L,L,L,L,L,L,L,L,L,L
14-1,th,L,L,L,U,U,U,U,U,U,U,U,U,U,U,U,U,U,U,U,U,U,U,U,U,U
15-1,th,U,U,U,U,U,U,U,U,U,U,U,U,U,U,U,U,F,F,F,F,F,F,F,F,F
16-1,th,F,F,F,F,F,F,F,F,F,F,F,F,F,F,F,F,F,F,F,F,F,F,F,F,F
17-1,th,F,F,F,F,F,F,R,R,R,R,R,R,R,R,R,R,R,R,R,R,R,R,R,R,R
18-1,th,R,R,R,R,R,R,R,R,R,R,R,U,U,U,U,U,U,U,U,R,R,R,R,R,R
19-1,th,R,R,R,R,R,R,R,R,R,R,R,R,R,R,W,W,W,W,W,W,W,W,W,W,W
20-1,th,W,W,W,W,W,W,W,W,W,W,W,W,W,W,W,W,W,W,W,W,W,W,W,W,W
21-1,st,W,W,W,W,W,W,W,W,W,W,W,W,W,W,W,L,L,L,L,L,L,L,L,L,L
22-1,nd,L,L,L,L,L,L,L,L,L,L,L,L,L,L,L,L,L,L,L,L,L,L,L,L,L
23-1,rd,L,L,L,L,L,L,L,L,L,L,L,L,L,L,L,L,L,L,L,L,L,L,L,L,L
24-1,th,L,L,L,L,L,L,L,L,L,L,L,L,L,F,F,F,F,F,F,F,F,F,F,F,F
25-1,th,F,F,F,F,F,F,F,F,F,F,F,F,F,F,F,F,F,F,F,F,F,F,F,F,F
26-1,th,F,F,F,F,F,F,F,R,R,R,R,R,R,R,R,R,R,R,R,R,R,R,R,R,R
27-1,th,R,R,R,R,R,R,R,R,R,R,R,R,R,R,R,R,R,R,R,R,R,R,R,R,R
28-1,th,R,R,R,R,R,R,R,R,R,R,R,R,R,R,R,R,R,R,R,W,W,W,W,W,W
29-1,th,W,W,W,W,W,W,W,W,W,W,W,W,W,W,W,W,W,W,W,W,W,W,W,U,U
30-1,th,U,U,U,U,U,U,U,U,U,U,U,U,U,U,U,U,U,U,U,U,U,U,U,L,L
31-1,st,L,L,L,L,L,L,L,L,L,L,L,L,U,U,U,U,U,U,U,U,U,U,U,U,U
1-2,st,U,F,F,F,F,F,F,F,F,F,F,F,F,F,F,F,F,F,F,F,F,F,F,F,F
2-2,nd,F,F,F,F,F,F,F,F,F,F,F,F,F,F,F,F,F,F,F,F,F,F,F,F,F
3-2,rd,F,F,F,F,F,F,F,F,F,F,F,R,R,R,R,R,R,R,R,R,R,R,R,R,R
4-2,th,R,R,R,R,R,R,R,R,R,R,R,R,R,R,R,R,R,R,R,R,R,R,R,R,R
5-2,th,R,R,R,R,R,R,R,R,R,R,R,R,R,R,R,R,R,R,R,R,R,R,R,R,R
6-2,th,R,R,R,R,R,R,R,R,R,R,R,R,R,R,R,R,R,R,R,R,R,W,W,W,W
7-2,th,W,W,W,W,W,W,W,W,W,W,W,W,W,W,W,W,W,W,W,W,W,W,W,W,W
8-2,th,W,W,W,W,W,W,W,W,W,W,L,L,L,L,L,L,L,L,L,L,L,L,L,L,L
9-2,th,L,L,L,L,L,L,L,L,L,L,L,L,L,L,L,L,L,L,L,L,L,L,L,L,L
10-2,th,L,L,L,L,L,L,L,L,L,L,L,L,L,L,L,L,L,L,L,L,L,L,L,L,F
11-2,th,F,F,F,F,F,F,F,F,F,F,F,F,F,F,F,F,F,F,F,F,F,F,F,F,F
12-2,th,F,F,F,F,F,F,F,F,F,F,F,F,F,F,F,F,F,F,F,F,F,F,F,F,F
13-2,th,F,F,F,F,F,F,F,F,F,F,F,F,F,R,R,R,R,R,R,R,R,R,R,R,R
14-2,th,R,R,R,R,R,R,R,R,R,R,R,R,R,R,R,R,R,R,U,U,U,U,U,U,U
15-2,th,U,R,R,R,R,R,R,R,R,R,R,R,R,R,R,R,U,U,U,U,U,U,U,U,U
16-2,th,U,W,W,W,W,W,W,W,W,W,W,W,W,W,W,U,U,U,U,U,U,W,W,W,W
17-2,th,W,W,W,W,W,W,W,W,W,W,W,W,W,W,W,W,W,W,W,W,W,L,L,L,L
18-2,th,L,L,L,L,L,L,L,L,L,L,L,L,L,L,L,L,L,L,L,L,L,L,L,L,L
19-2,th,L,L,L,L,L,L,L,L,L,L,L,L,L,L,L,L,L,L,L,L,L,L,L,L,L
20-2,th,L,L,L,L,L,L,L,L,L,L,L,L,L,L,L,L,L,L,L,F,F,F,F,F,F
21-2,st,F,F,F,F,F,F,F,F,F,F,F,F,F,F,F,F,F,F,F,F,F,F,F,F,F
22-2,nd,F,F,F,F,F,F,F,F,F,F,F,F,F,R,R,R,R,R,R,R,R,R,R,R,R
23-2,rd,R,R,R,R,R,R,R,R,R,R,R,R,R,R,R,R,R,R,R,R,R,R,R,R,R
24-2,th,R,R,R,R,R,R,R,R,R,R,R,R,R,R,R,R,R,R,R,R,R,R,R,R,R
25-2,th,R,R,R,W,W,W,W,W,W,W,W,W,W,W,W,W,W,W,W,W,W,W,W,W,W
26-2,th,W,W,W,W,W,W,W,W,W,W,W,W,W,W,W,W,W,W,W,W,W,W,W,W,W
27-2,th,W,U,U,U,U,U,U,U,U,U,U,U,U,U,U,U,U,U,U,U,U,U,U,U,U
28-2,th,U,U,U,U,U,U,U,U,U,L,L,L,F,F,F,F,F,F,F,F,F,F,F,F,F
1-3,st,F,F,F,F,F,F,F,F,F,F,F,F,F,F,F,F,F,F,F,F,F,F,F,F,F
2-3,nd,F,F,F,F,F,F,F,F,F,F,F,F,F,F,F,F,F,F,F,F,F,F,R,R,R
3-3,rd,R,R,R,R,R,R,R,R,R,R,R,R,R,R,R,R,R,R,R,R,R,R,R,R,R
4-3,th,R,R,R,R,R,R,R,R,R,R,R,R,R,R,R,R,R,R,R,R,U,U,U,U,U
5-3,th,U,U,U,U,U,U,U,U,U,U,U,U,U,U,U,U,U,U,U,U,U,U,U,U,U
6-3,th,U,U,U,U,U,U,U,U,W,W,W,W,W,W,W,W,W,W,W,W,W,W,W,W,W
7-3,th,W,W,W,W,W,W,W,W,W,W,W,W,W,W,W,W,W,W,L,L,L,L,L,L,L
8-3,th,L,L,L,L,L,L,L,L,L,L,L,L,L,L,L,L,L,L,L,L,L,L,L,L,L
9-3,th,L,L,L,L,L,L,L,L,L,L,L,L,L,L,L,L,L,L,L,L,L,L,L,L,L
10-3,th,L,L,L,L,L,L,L,L,F,F,F,F,F,F,F,F,F,F,F,F,F,F,F,F,F
11-3,th,F,L,L,L,L,L,L,L,L,L,L,L,L,L,L,L,F,F,F,F,F,F,F,F,F
12-3,th,F,F,F,F,F,F,F,F,F,F,F,F,F,F,F,F,F,F,F,F,R,R,R,R,R
13-3,th,R,R,R,R,R,R,R,R,R,R,R,R,R,R,R,R,R,R,R,R,R,R,R,R,U
14-3,th,U,U,U,U,U,U,U,U,R,R,R,R,R,R,R,R,R,R,R,R,R,R,R,R,R
15-3,th,R,R,R,R,W,W,W,U,U,U,U,U,U,U,U,U,U,U,U,U,U,U,U,U,U
16-3,th,U,U,U,U,U,U,U,U,U,U,U,U,U,U,U,U,U,U,U,U,U,U,U,U,U
17-3,th,U,U,U,U,U,U,U,U,L,L,L,L,L,L,L,L,L,L,L,L,L,L,L,L,L
18-3,th,L,L,L,L,L,L,L,L,L,L,L,L,L,L,L,L,L,L,L,L,L,L,L,L,L
19-3,th,L,L,L,L,L,L,L,L,L,L,L,L,L,L,L,L,L,L,L,L,L,L,L,L,L
20-3,th,L,F,F,F,F,F,F,F,F,F,F,F,F,F,F,F,F,F,F,F,F,F,F,F,F
21-3,st,F,F,F,F,F,F,F,F,F,F,F,F,F,F,F,F,F,F,F,R,R,R,R,R,R
22-3,nd,R,R,R,R,R,R,R,R,R,R,R,R,R,R,R,R,R,R,R,R,R,R,R,R,R
23-3,rd,R,R,R,R,R,R,R,R,R,R,R,R,R,R,R,R,R,R,R,R,R,R,R,R,R
24-3,th,R,R,R,R,R,R,R,R,R,W,W,W,W,W,W,W,W,W,W,W,W,W,W,W,W
25-3,th,W,W,W,W,W,W,W,W,W,W,W,W,W,W,W,W,W,W,W,W,W,W,W,W,W
26-3,th,W,W,W,W,W,W,U,U,U,U,U,U,U,U,U,U,U,U,U,U,U,U,U,U,U
27-3,th,U,U,U,U,U,U,U,U,U,U,U,U,U,U,U,L,L,L,L,L,F,F,F,F,F
28-3,th,F,F,F,F,F,F,F,F,F,F,F,F,F,F,F,F,F,F,F,F,F,F,F,F,F
29-3,th,F,F,F,F,F,F,F,F,F,F,F,F,F,F,F,F,F,F,F,F,F,F,F,F,F
30-3,th,F,U,U,U,U,U,U,U,U,U,U,U,U,U,U,U,U,U,U,U,U,U,U,U,U
31-3,st,U,U,U,U,U,U,U,U,U,U,U,U,U,U,U,U,U,U,U,U,U,U,U,U,U
1-4,st,U,R,R,R,R,R,R,R,R,R,R,R,R,R,R,R,R,R,R,R,R,R,R,R,R
2-4,nd,R,R,R,R,R,R,R,R,R,R,R,R,R,R,R,R,R,W,W,W,W,W,W,W,W
3-4,rd,W,W,W,W,W,W,W,W,W,W,W,W,W,W,W,W,W,W,W,W,W,W,W,W,W
4-4,th,W,W,W,L,L,L,L,L,L,L,L,L,L,L,L,L,L,L,L,L,L,L,L,L,L
5-4,th,L,L,L,L,L,L,L,L,L,L,L,L,L,L,L,L,L,L,L,L,L,L,L,L,L
6-4,th,L,L,L,L,L,L,L,L,L,L,L,L,L,L,L,L,F,F,F,F,F,F,F,F,F
7-4,th,F,F,F,F,F,F,F,F,F,F,F,F,F,F,F,F,F,F,F,F,F,F,F,F,F
8-4,th,F,F,F,F,F,F,F,F,F,F,F,F,F,F,F,F,F,F,F,F,F,F,F,F,F
9-4,th,F,F,F,F,F,R,R,R,R,R,R,R,R,R,R,R,R,R,R,R,R,R,R,R,R
10-4,th,R,R,R,R,R,U,U,U,U,U,U,R,R,R,R,R,R,R,R,R,U,U,U,U,U
11-4,th,U,U,U,U,U,U,U,U,U,U,U,U,U,U,U,U,U,U,U,U,U,U,U,U,U
12-4,th,U,U,U,U,U,U,U,U,U,U,U,U,U,U,U,U,U,U,U,U,U,U,U,U,U
13-4,th,U,U,U,U,U,U,U,U,U,U,U,U,U,U,U,L,L,L,L,L,L,L,L,L,L
14-4,th,L,L,L,L,L,L,L,L,L,L,L,L,L,L,L,L,L,L,L,L,L,L,L,L,L
15-4,th,L,L,L,L,L,L,L,L,L,L,L,L,L,L,L,L,L,L,L,L,L,L,L,L,L
16-4,th,L,L,L,L,L,L,L,L,L,F,F,F,F,F,F,F,F,F,F,F,F,F,F,F,F
17-4,th,F,F,F,F,F,F,F,F,F,F,F,F,F,F,F,F,F,F,F,F,F,F,F,F,F
18-4,th,F,F,R,R,R,R,R,R,R,R,R,R,R,R,R,R,R,R,R,R,R,R,R,R,R
19-4,th,R,R,R,R,R,R,R,R,R,R,R,R,R,R,R,R,R,R,R,R,R,R,R,R,R
20-4,th,R,R,R,U,U,U,U,U,U,U,U,U,U,U,U,U,U,U,U,U,U,U,U,U,U
21-4,st,U,U,U,U,W,W,W,W,W,W,W,W,W,W,W,W,W,W,W,W,W,W,W,W,W
22-4,nd,W,W,W,W,W,W,W,W,W,W,W,W,W,W,L,L,L,L,L,L,L,L,L,L,L
23-4,rd,L,L,L,L,L,L,L,L,L,U,U,U,U,U,U,U,L,L,L,L,L,L,L,L,L
24-4,th,L,F,F,F,F,F,F,F,F,F,F,F,F,F,F,F,F,F,F,F,F,F,F,F,F
25-4,th,F,F,F,F,F,F,F,F,F,F,F,F,F,F,F,F,F,F,F,F,F,F,F,F,F
26-4,th,F,F,F,F,F,F,F,F,F,F,F,F,F,F,R,R,R,R,R,R,R,R,R,R,R
27-4,th,R,R,R,R,R,R,R,R,R,R,R,R,R,R,R,R,R,R,R,R,R,R,R,R,R
28-4,th,R,R,R,R,R,R,R,R,R,R,R,R,R,R,R,R,R,R,R,R,R,R,R,R,F
29-4,th,F,F,F,F,F,F,F,F,F,F,F,F,F,F,R,R,R,R,R,R,R,R,R,R,R
30-4,th,R,W,W,W,W,W,W,W,W,W,W,W,W,W,W,W,W,W,W,W,W,W,W,W,W
1-5,st,W,W,W,W,W,W,W,W,W,W,W,L,L,L,L,L,L,L,L,L,L,L,L,L,L
2-5,nd,L,L,L,L,L,L,L,L,L,L,L,L,L,L,L,L,L,L,L,L,L,L,L,L,L
3-5,rd,L,L,L,L,L,L,L,L,L,L,L,L,L,L,L,L,L,L,L,L,L,L,L,L,F
4-5,th,F,F,F,F,F,F,F,F,F,F,F,F,F,F,F,F,F,F,F,F,F,F,F,F,F
5-5,th,F,F,F,F,F,F,F,F,F,F,F,F,F,F,F,F,F,F,F,F,F,F,F,F,F
6-5,th,F,F,F,F,F,F,F,F,F,F,F,F,R,R,R,R,R,R,R,R,R,R,R,R,R
7-5,th,R,R,R,R,R,R,R,R,U,U,U,U,U,U,R,R,R,R,R,R,R,R,R,R,R
8-5,th,R,R,R,R,R,R,R,R,R,R,R,R,R,R,R,R,R,R,R,R,R,W,W,W,W
9-5,th,W,W,W,W,W,W,W,W,W,W,W,W,W,W,W,W,W,W,W,W,W,W,W,W,W
10-5,th,W,W,W,W,W,W,W,W,W,W,W,W,W,W,W,W,W,W,W,W,W,L,L,L,L
11-5,th,L,L,L,L,L,L,L,L,L,L,L,L,L,F,F,F,F,F,F,F,F,F,F,F,F
12-5,th,F,F,F,L,L,L,L,L,L,L,L,L,L,L,L,L,L,L,L,L,L,L,L,L,L
13-5,th,L,L,L,L,L,L,L,L,L,L,L,L,L,L,L,L,L,L,F,F,F,F,F,F,F
14-5,th,F,F,F,F,F,F,F,F,F,F,F,F,F,F,F,F,F,F,F,F,F,F,F,F,F
15-5,th,F,F,F,F,F,F,F,F,F,F,F,R,R,R,R,R,R,R,R,R,R,R,R,R,R
16-5,th,R,R,R,R,R,R,R,R,R,R,R,R,R,R,R,R,R,R,R,R,R,R,R,R,R
17-5,th,R,R,R,R,R,R,R,R,R,U,U,U,U,U,U,U,U,U,U,U,U,U,U,U,U
18-5,th,U,U,U,U,U,U,U,U,U,F,F,F,F,F,F,F,F,F,F,F,F,W,W,W,W
19-5,th,W,W,W,W,W,W,W,W,W,W,W,W,W,W,W,W,W,W,W,W,L,L,L,L,L
20-5,th,L,L,L,L,L,L,L,L,L,U,U,U,U,U,U,U,U,L,L,L,L,L,L,L,L
21-5,st,L,L,L,L,L,L,L,F,F,F,F,F,F,F,F,F,F,F,F,F,F,F,F,F,F
22-5,nd,F,F,F,F,F,F,F,F,F,F,F,F,F,F,F,F,F,F,F,F,F,F,F,F,F
23-5,rd,F,F,F,F,F,F,F,F,F,F,F,F,F,F,F,R,R,R,R,R,R,R,R,R,R
24-5,th,R,R,R,R,R,R,R,R,R,R,R,R,R,R,R,R,R,R,R,R,R,R,W,W,W
25-5,th,W,W,W,W,W,W,W,W,W,W,F,F,F,F,F,F,F,F,R,R,R,R,R,R,R
26-5,th,R,R,R,R,R,R,R,R,R,R,R,R,R,R,R,R,R,R,R,R,R,R,R,R,R
27-5,th,R,R,R,R,R,R,R,R,W,W,W,W,W,W,W,W,W,W,W,W,W,W,W,W,W
28-5,th,W,W,W,W,W,W,W,W,W,W,W,W,W,W,W,W,W,W,L,L,L,L,L,L,L
29-5,th,L,L,L,L,L,L,L,L,L,L,L,L,L,L,L,L,L,L,L,L,L,L,L,L,L
30-5,th,L,L,L,L,L,L,L,L,L,L,L,L,L,L,L,L,L,L,L,L,L,L,L,L,L
31-5,st,L,L,L,L,L,L,L,F,F,F,F,F,F,F,F,F,F,F,F,U,U,U,U,U,U
1-6,st,U,U,U,U,U,U,U,U,U,U,U,U,U,U,U,U,U,U,U,U,U,U,U,U,U
2-6,nd,U,U,U,U,U,U,U,U,W,W,W,W,W,F,F,F,F,F,F,F,F,R,R,R,R
3-6,rd,R,R,R,R,R,R,R,R,R,R,U,U,U,U,U,U,U,R,R,R,R,R,R,R,R
4-6,th,R,R,R,R,R,R,R,R,R,R,R,R,R,R,R,R,R,R,R,R,R,R,R,R,R
5-6,th,R,R,R,R,R,W,W,W,W,W,W,W,W,W,W,W,W,W,W,W,W,W,W,W,W
6-6,th,W,W,W,W,W,W,W,W,W,W,W,W,W,W,W,W,W,W,W,W,W,W,W,W,W
7-6,th,W,W,W,W,W,W,L,L,L,L,L,L,L,L,L,L,L,L,L,L,L,L,L,L,L
8-6,th,L,L,L,L,L,L,L,L,L,L,L,L,L,L,L,L,L,L,L,L,L,L,L,L,L
9-6,th,L,L,L,L,L,L,L,L,L,L,L,L,L,L,L,L,L,L,L,L,L,L,L,L,L
10-6,th,L,L,L,L,F,F,F,F,F,F,F,F,F,F,F,F,F,F,F,F,F,F,F,F,F
11-6,th,F,F,F,F,F,F,F,F,F,F,F,F,F,F,F,F,F,F,F,F,F,R,R,R,R
12-6,th,R,R,R,R,R,R,R,R,R,R,R,R,R,R,R,R,R,R,R,R,R,R,R,R,R
13-6,th,R,R,R,R,R,R,R,R,R,R,R,R,R,R,R,R,R,R,R,R,R,R,R,R,R
14-6,th,R,R,R,R,R,R,R,W,W,W,W,W,U,U,U,U,U,U,U,U,U,U,U,U,U
15-6,th,U,U,U,U,U,U,U,U,U,U,U,U,U,W,W,W,W,W,W,W,W,W,W,W,W
16-6,th,W,W,W,W,L,L,L,L,L,L,L,L,L,L,L,U,U,U,U,U,U,U,L,L,L
17-6,th,L,L,L,L,L,L,L,L,L,L,L,L,L,L,F,F,F,F,F,F,F,F,F,F,F
18-6,th,F,F,F,F,F,F,F,F,F,F,F,F,F,F,F,F,F,F,F,F,F,F,F,F,F
19-6,th,F,F,F,F,F,F,F,F,F,F,W,W,W,W,W,W,W,W,W,W,W,W,W,F,F
20-6,th,F,F,R,R,R,R,R,R,R,R,R,R,R,R,R,R,W,W,W,W,W,W,W,W,W
21-6,st,W,W,W,W,W,W,W,W,R,R,R,R,R,R,R,R,R,R,R,R,R,R,R,R,R
22-6,nd,R,R,R,R,R,R,R,R,R,R,R,R,R,R,R,R,R,R,R,R,R,R,R,R,R
23-6,rd,R,R,R,R,R,R,R,R,R,R,R,R,R,R,W,W,W,W,W,W,W,W,W,W,W
24-6,th,W,W,W,W,W,W,W,W,W,W,W,W,W,W,W,W,W,W,W,W,W,W,W,W,L
25-6,th,L,L,L,L,L,L,L,L,L,L,L,L,L,L,L,L,L,L,L,L,L,L,L,L,L
26-6,th,L,L,L,L,L,L,L,L,L,L,L,L,L,L,L,L,L,L,L,L,L,L,L,L,L
27-6,th,L,L,L,L,L,L,L,L,L,L,L,L,L,L,F,F,F,F,F,F,F,F,F,F,F
28-6,th,F,F,F,F,F,F,F,F,F,F,F,F,F,F,F,F,F,F,F,F,F,F,F,F,F
29-6,th,F,F,F,F,F,F,F,F,F,F,F,F,F,F,F,F,F,F,F,F,F,F,F,F,F
30-6,th,F,F,W,W,W,W,W,R,R,R,R,R,R,U,U,U,U,U,U,U,U,R,R,R,R
1-7,st,R,R,R,R,R,R,R,R,R,R,R,R,R,R,R,R,R,R,R,R,R,R,R,R,R
2-7,nd,R,R,R,R,R,R,R,R,R,R,R,W,W,W,W,W,W,W,W,W,W,W,W,W,W
3-7,rd,W,W,W,W,W,W,W,W,W,W,W,W,W,W,W,W,W,W,W,W,W,W,W,W,W
4-7,th,W,W,W,W,W,W,W,W,W,W,W,W,W,L,L,L,L,L,L,L,L,L,L,L,L
5-7,th,L,W,W,W,W,W,W,W,W,W,W,W,W,W,W,L,L,L,L,L,L,L,L,L,L
6-7,th,L,L,L,L,L,L,L,L,L,L,L,L,L,L,L,L,L,L,L,L,L,L,L,L,L
7-7,th,L,L,L,L,L,L,L,L,L,L,L,L,L,F,F,F,F,F,F,F,F,F,F,F,F
8-7,th,F,F,F,F,F,W,W,W,W,W,W,W,W,W,W,W,W,W,W,F,F,F,F,F,F
9-7,th,F,U,U,U,U,U,U,U,U,U,U,U,U,U,U,U,U,U,U,U,U,U,U,U,U
10-7,th,U,U,U,U,U,U,U,U,U,U,U,U,U,U,R,R,R,R,R,R,R,R,R,R,R
11-7,th,R,R,R,R,R,R,R,R,R,R,R,R,R,R,R,R,R,R,W,W,W,F,F,F,F
12-7,th,F,F,F,F,F,F,F,F,W,W,W,W,W,W,W,W,W,W,W,W,W,U,U,U,U
13-7,th,U,U,U,U,U,U,U,U,U,U,U,U,U,U,U,U,U,U,U,U,U,U,U,U,U
14-7,th,U,U,U,U,U,U,U,F,F,F,F,L,L,L,L,L,L,L,L,L,L,L,L,L,F
15-7,th,F,F,F,F,F,F,F,F,F,F,F,F,F,F,F,F,F,F,F,F,F,F,F,F,F
16-7,th,F,F,F,F,F,F,F,F,F,F,F,F,F,F,F,F,F,F,F,F,F,F,F,F,F
17-7,th,F,F,F,F,F,F,F,F,F,R,R,R,R,R,R,R,R,R,R,R,R,R,R,R,R
18-7,th,R,R,R,R,R,R,R,R,R,R,R,R,R,R,R,R,R,R,R,R,R,R,R,R,R
19-7,th,R,R,R,R,R,R,R,R,R,R,R,R,R,R,R,R,R,R,R,R,R,R,R,R,R
20-7,th,R,R,R,R,R,R,R,R,R,R,R,R,R,R,R,R,R,R,R,R,W,W,W,W,W
21-7,st,W,W,W,W,W,W,W,W,W,W,W,W,W,W,W,W,W,W,W,W,W,W,W,W,W
22-7,nd,W,W,W,W,W,W,L,L,L,L,L,L,L,L,L,L,L,L,L,L,L,L,L,L,L
23-7,rd,L,L,L,L,L,L,L,L,L,L,L,L,L,L,L,L,L,L,L,L,L,L,L,L,L
24-7,th,L,L,L,L,L,L,L,L,L,L,L,L,L,L,L,L,L,L,L,F,F,F,F,F,F
25-7,th,F,F,F,F,F,F,F,F,F,F,F,F,F,F,F,F,F,F,F,F,F,F,F,F,F
26-7,th,F,F,F,F,F,F,F,F,F,F,F,F,F,F,F,F,F,F,F,F,F,F,F,F,F
27-7,th,F,F,F,F,F,F,F,W,W,W,R,R,R,R,R,R,R,R,R,U,U,U,U,U,U
28-7,th,U,U,F,F,F,F,R,R,R,R,R,R,R,R,R,R,R,R,R,R,R,R,R,R,R
29-7,th,R,R,R,R,R,R,R,R,R,R,R,R,R,R,R,R,R,W,W,W,W,W,W,W,W
30-7,th,W,W,W,W,W,W,W,W,W,W,W,W,W,W,W,W,W,W,W,W,W,W,W,W,W
31-7,st,W,W,W,W,W,W,W,W,W,U,U,U,U,U,U,U,U,U,U,U,U,U,U,U,U
1-8,st,U,U,U,U,U,U,U,U,U,U,U,U,U,U,U,U,U,U,U,U,U,U,U,U,U
2-8,nd,U,U,U,U,U,U,L,L,L,L,L,L,L,L,L,L,L,L,L,L,L,L,L,L,L
3-8,rd,L,L,L,L,L,L,L,L,L,L,L,L,L,L,L,L,L,L,L,L,F,F,F,F,F
4-8,th,F,F,F,F,F,F,F,F,F,F,F,F,F,F,F,F,F,F,F,F,F,F,F,F,F
5-8,th,F,F,F,F,F,F,F,F,F,F,F,F,F,F,F,R,R,R,R,R,R,R,R,R,R
6-8,th,R,R,R,R,R,R,R,R,R,R,R,R,R,R,R,R,R,R,R,R,R,R,R,R,R
7-8,th,R,R,R,R,R,R,R,R,R,R,R,R,R,R,R,R,R,R,R,R,R,R,R,R,R
8-8,th,R,R,R,R,W,W,W,W,W,W,W,W,W,W,W,W,W,W,W,W,W,W,W,W,W
9-8,th,W,W,W,W,W,W,W,W,W,W,W,W,W,W,W,W,W,W,W,W,W,W,W,W,W
10-8,th,W,L,L,L,L,L,U,U,U,U,U,U,U,U,U,U,U,U,U,U,U,U,U,U,U
11-8,th,U,U,U,U,U,U,U,U,U,U,U,U,U,F,F,F,F,F,F,F,F,F,F,F,F
12-8,th,F,F,F,F,F,F,F,F,F,F,F,F,F,F,F,F,F,F,F,F,F,F,F,F,F
13-8,th,F,F,F,F,F,F,F,F,F,F,F,F,F,F,F,F,F,F,F,R,R,R,R,R,R
14-8,th,R,R,R,R,R,R,R,R,R,R,R,R,R,R,R,R,R,R,R,R,R,R,R,R,R
15-8,th,R,R,R,R,R,R,R,R,R,R,R,R,R,R,R,R,R,R,R,R,R,R,R,R,R
16-8,th,R,R,R,R,R,R,R,R,R,R,R,R,R,R,R,R,R,R,R,R,R,R,R,R,R
17-8,th,R,R,R,W,W,W,W,W,W,W,W,W,W,W,W,W,W,W,W,W,W,W,W,W,W
18-8,th,W,W,W,W,W,W,W,W,W,W,W,W,W,L,L,L,L,L,L,L,W,W,W,W,W
19-8,th,W,W,W,W,W,W,W,W,W,W,W,W,W,W,W,L,L,L,L,L,L,L,L,L,L
20-8,th,L,L,L,L,L,L,L,L,L,L,L,L,L,L,L,L,L,L,L,L,L,L,L,L,L
21-8,st,L,L,F,F,F,F,F,F,F,F,F,F,F,F,F,F,F,F,F,F,F,F,F,F,F
22-8,nd,F,F,F,F,F,F,F,F,F,F,F,F,F,F,F,F,F,F,F,F,F,F,F,F,F
23-8,rd,F,F,F,F,F,F,F,F,F,F,F,F,F,F,F,R,R,R,R,R,R,R,R,R,R
24-8,th,R,U,U,U,U,U,U,U,U,R,R,R,R,R,R,R,R,R,R,R,R,R,R,R,R
25-8,th,R,R,R,R,R,R,R,R,F,F,F,F,F,F,F,F,F,F,F,F,F,F,F,F,F
26-8,th,F,F,W,W,W,W,W,W,W,W,W,W,W,W,W,W,W,W,W,W,W,W,W,W,W
27-8,th,W,W,W,W,W,W,W,W,W,W,W,W,W,W,W,W,W,W,U,U,U,U,U,U,U
28-8,th,U,U,U,U,U,U,U,U,U,U,U,U,U,U,U,U,U,U,U,U,U,U,U,U,U
29-8,th,U,U,U,U,U,U,U,L,L,L,L,L,L,L,L,L,L,L,L,L,L,L,L,L,L
30-8,th,L,L,L,L,L,L,L,L,L,L,L,L,L,L,L,L,L,L,L,L,L,L,L,L,L
31-8,st,L,F,F,F,F,F,F,F,F,F,F,F,F,F,F,F,F,F,F,F,F,F,F,F,F
1-9,st,F,F,F,F,F,F,F,F,F,F,F,F,F,F,F,F,F,F,F,F,F,R,R,R,R
2-9,nd,R,R,R,R,R,R,R,R,R,R,R,R,R,R,R,R,R,R,R,R,R,R,R,R,R
3-9,rd,R,R,R,R,R,R,R,R,R,R,R,R,R,R,R,R,R,R,R,R,R,R,R,R,R
4-9,th,R,R,R,R,R,R,R,R,R,R,R,R,W,W,W,W,W,W,W,W,W,W,W,W,W
5-9,th,W,W,W,W,W,W,W,W,W,W,W,W,W,W,W,W,W,W,W,W,W,W,W,W,W
6-9,th,W,W,W,W,W,W,W,W,W,W,L,L,L,L,L,L,L,L,L,L,U,U,U,U,U
7-9,th,U,U,U,F,F,F,F,F,F,F,F,F,F,U,U,U,U,U,U,U,U,U,U,U,U
8-9,th,U,U,U,U,U,U,U,U,U,U,U,U,U,U,F,F,F,F,F,F,F,U,U,U,U
9-9,th,U,U,F,F,F,F,F,F,F,F,F,F,F,F,F,F,F,F,F,F,F,F,F,F,F
10-9,th,F,F,F,F,F,R,R,R,R,R,R,R,R,R,R,R,R,R,R,R,R,R,R,R,R
11-9,th,R,R,R,R,R,R,F,F,F,F,F,F,F,F,F,F,F,F,F,F,R,R,R,R,R
12-9,th,R,R,R,R,R,R,R,R,R,R,R,R,R,R,R,R,R,R,R,R,R,R,R,R,R
13-9,th,R,R,R,R,R,R,R,R,R,R,R,R,W,W,W,W,W,W,W,W,W,W,W,W,W
14-9,th,W,W,W,W,W,W,W,W,W,W,W,W,W,W,W,W,W,W,W,W,W,L,L,L,L
15-9,th,L,L,L,L,L,L,L,L,L,L,L,L,L,L,L,L,L,F,F,F,F,F,F,F,F
16-9,th,F,F,F,F,F,F,F,L,L,L,L,L,L,L,L,L,L,L,L,L,L,L,L,L,L
17-9,th,L,L,L,L,L,L,L,L,L,F,F,F,F,F,F,F,F,F,F,F,F,F,F,F,F
18-9,th,F,F,F,F,F,F,F,F,F,F,F,F,F,F,F,F,F,F,F,F,F,F,F,F,F
19-9,th,F,F,F,F,F,F,F,F,F,F,F,F,F,F,F,F,F,F,F,F,F,W,W,W,W
20-9,th,W,W,W,W,W,U,U,U,U,U,U,U,U,U,R,R,R,R,R,R,R,R,R,R,R
21-9,st,R,R,R,R,R,R,R,R,R,R,R,R,R,R,R,R,R,R,R,R,R,R,R,R,R
22-9,nd,R,R,R,R,R,R,W,W,W,W,W,W,W,W,W,W,W,W,W,W,W,W,W,W,W
23-9,rd,W,W,W,W,W,W,W,W,W,W,W,W,W,W,W,W,R,R,R,R,R,R,R,R,R
24-9,th,R,R,R,R,R,R,R,L,L,L,L,L,L,L,L,L,L,L,L,L,L,L,L,L,L
25-9,th,L,L,L,L,L,L,L,L,L,L,L,L,L,L,L,L,L,L,L,L,L,L,L,L,L
26-9,th,L,L,L,L,L,L,L,L,L,L,L,L,L,L,L,L,L,L,L,L,L,L,L,L,L
27-9,th,L,L,L,L,L,L,L,F,F,F,F,F,F,F,R,R,R,R,R,R,R,R,R,R,R
28-9,th,R,R,R,R,F,F,F,F,F,F,F,F,F,F,F,F,F,F,F,F,F,F,F,F,F
29-9,th,F,F,R,R,R,R,R,R,R,R,R,R,R,R,R,R,R,R,R,R,R,R,R,R,R
30-9,th,R,R,R,R,R,R,R,R,R,R,R,R,R,R,R,R,R,R,R,R,R,R,R,R,R
1-10,st,R,R,R,R,R,R,R,R,R,R,R,R,R,R,R,R,R,R,W,W,W,W,W,W,W
2-10,nd,W,W,W,W,W,W,W,W,W,W,W,W,W,W,W,W,W,W,W,W,W,W,W,W,W
3-10,rd,W,W,W,W,W,W,W,W,W,W,W,W,W,W,W,W,W,W,L,L,L,L,L,U,U
4-10,th,U,U,U,U,U,U,U,L,L,L,L,L,L,L,L,L,L,L,L,L,L,L,L,L,L
5-10,th,L,U,U,U,U,U,U,U,U,U,U,U,U,U,U,U,U,U,U,U,U,U,U,U,U
6-10,th,U,U,U,U,U,U,U,U,U,U,U,U,U,U,F,F,F,F,F,F,F,F,F,F,F
7-10,th,F,F,F,F,F,F,F,F,F,F,F,F,F,F,F,R,R,R,R,R,R,R,R,R,R
8-10,th,R,R,R,R,R,R,R,R,R,R,R,R,R,R,R,R,R,R,R,R,R,R,R,R,R
9-10,th,R,R,R,R,R,R,R,R,R,R,R,R,R,R,R,R,R,R,R,R,R,R,R,R,R
10-10,th,R,R,R,R,R,R,R,R,R,R,R,R,R,R,R,R,R,R,R,R,R,W,W,W,W
11-10,th,W,W,W,W,W,W,W,W,W,W,W,W,W,W,W,W,W,W,W,W,W,W,W,W,W
12-10,th,W,W,W,W,W,W,L,L,L,L,L,L,L,L,L,L,L,L,L,L,L,L,L,L,L
13-10,th,L,L,L,L,L,L,L,L,L,L,L,L,L,L,L,L,L,L,L,L,L,L,L,L,L
14-10,th,L,L,L,L,L,L,L,L,L,L,L,L,L,L,L,L,L,F,F,F,F,F,F,F,F
15-10,th,F,F,F,F,F,F,F,F,F,F,F,F,F,F,F,F,F,F,F,F,F,F,F,F,F
16-10,th,F,F,F,F,F,F,F,F,F,F,F,F,F,F,F,F,F,F,F,F,F,F,F,F,F
17-10,th,F,F,F,F,F,R,R,R,U,U,U,U,U,U,U,U,W,W,W,W,W,W,W,R,R
18-10,th,R,R,R,R,R,R,R,R,R,R,R,R,R,R,R,R,R,R,R,R,R,R,R,W,W
19-10,th,W,W,W,W,W,W,W,W,W,W,W,W,W,W,W,W,W,W,W,W,W,W,W,W,W
20-10,th,W,W,W,W,W,W,W,W,W,W,W,W,W,W,W,W,W,W,W,W,W,W,W,W,W
21-10,st,W,W,W,W,W,W,W,W,W,W,W,W,W,W,W,L,L,L,L,L,L,L,L,L,L
22-10,nd,L,L,L,L,L,L,L,L,L,L,L,L,L,L,L,L,L,L,L,L,L,L,L,L,L
23-10,rd,L,L,L,L,L,L,L,L,L,L,L,L,L,L,U,U,U,U,U,U,U,U,U,U,U
24-10,th,U,U,U,U,U,U,U,U,U,U,U,U,U,U,U,U,U,U,U,U,U,U,U,U,U
25-10,th,U,U,U,F,F,F,F,F,F,F,F,F,F,F,F,F,F,F,F,F,F,F,F,F,F
26-10,th,F,F,F,F,F,F,F,F,F,R,R,R,R,R,R,R,R,R,R,R,R,R,R,R,R
27-10,th,R,R,R,R,R,R,R,R,R,R,R,R,R,R,R,R,R,R,R,R,R,R,R,R,R
28-10,th,R,R,R,R,R,R,R,R,R,R,R,R,R,R,R,R,R,R,R,R,R,R,R,W,W
29-10,th,W,W,W,W,W,W,W,W,W,W,W,W,W,W,W,W,W,W,W,W,W,W,W,W,W
30-10,th,W,W,W,W,W,W,W,W,W,W,W,W,W,W,W,W,W,W,W,W,W,W,W,U,U
31-10,st,U,U,U,U,U,U,U,U,U,U,U,U,U,U,U,U,U,U,U,U,U,U,U,U,U
1-11,st,U,U,U,U,U,U,U,U,U,U,U,F,F,F,F,F,F,F,F,F,F,F,F,F,F
2-11,nd,F,F,F,F,F,F,F,F,F,F,F,F,F,F,F,F,F,F,F,F,F,F,F,F,F
3-11,rd,F,F,F,F,F,F,F,F,F,F,F,F,F,F,F,F,F,F,F,F,F,F,F,R,R
4-11,th,R,R,R,R,R,R,R,R,R,R,R,R,R,R,R,R,R,R,R,R,R,R,R,R,R
5-11,th,R,R,R,R,R,R,R,R,R,R,R,R,R,R,R,R,R,R,R,R,R,R,W,W,W
6-11,th,W,W,W,W,W,W,W,W,W,W,W,R,R,R,R,R,R,R,R,R,R,R,R,R,R
7-11,th,R,R,R,R,R,R,W,W,W,W,W,W,W,W,W,W,W,W,W,W,W,W,W,W,W
8-11,th,W,W,W,W,W,W,W,W,W,W,W,W,W,W,W,L,L,L,L,L,L,L,L,L,L
9-11,th,L,L,L,R,R,R,R,R,R,R,R,R,R,R,R,R,R,R,R,L,L,L,L,L,L
10-11,th,L,L,L,L,L,L,L,L,L,L,L,L,L,L,L,L,L,L,L,L,L,L,L,L,L
11-11,th,L,L,F,F,F,F,F,F,F,F,F,F,F,F,F,F,F,F,F,F,F,F,F,F,F
12-11,th,F,F,F,F,F,F,F,F,F,F,F,F,F,F,F,F,F,F,F,F,F,F,F,F,F
13-11,th,F,F,F,F,F,F,F,F,F,F,U,U,U,U,U,U,U,U,R,R,R,R,R,R,R
14-11,th,R,R,R,R,R,R,R,W,W,W,W,W,W,W,W,W,W,W,W,W,R,R,R,R,R
15-11,th,R,R,R,R,R,R,R,R,R,R,R,R,R,R,R,R,R,R,R,R,R,R,W,W,W
16-11,th,W,W,W,W,U,U,U,U,U,W,W,W,W,W,W,W,W,W,W,W,W,W,W,W,W
17-11,th,W,W,W,W,W,W,W,W,W,W,W,W,W,W,W,W,W,W,W,W,W,W,W,W,L
18-11,th,L,L,L,L,L,L,L,L,L,L,L,L,L,L,L,L,L,L,L,L,L,L,L,L,L
19-11,th,L,L,L,L,L,L,L,L,L,L,L,L,L,L,L,L,L,L,L,L,L,L,L,L,L
20-11,th,L,L,L,L,L,L,L,L,L,L,L,L,L,L,L,L,L,L,L,L,L,L,L,F,F
21-11,st,F,F,F,F,F,F,F,F,F,F,F,U,U,U,U,U,U,U,U,U,U,U,U,U,U
22-11,nd,U,U,U,U,U,U,U,U,U,U,U,U,U,U,U,U,U,U,U,U,U,U,U,U,U
23-11,rd,U,U,U,U,U,U,U,U,U,R,R,R,R,R,R,R,R,U,U,U,U,U,U,U,U
24-11,th,U,U,U,U,U,U,U,U,U,U,U,U,U,U,U,U,U,U,U,U,U,U,U,U,U
25-11,th,U,U,U,U,U,U,W,W,W,W,W,W,W,W,W,W,W,W,W,W,W,W,W,W,W
26-11,th,W,U,U,U,U,U,U,U,U,U,U,U,U,U,U,U,U,U,U,U,U,U,U,U,U
27-11,th,U,U,U,U,U,U,U,U,U,L,L,L,L,L,L,L,L,L,L,L,L,L,L,L,L
28-11,th,L,L,L,L,L,L,L,L,L,L,L,L,L,L,L,L,F,F,F,F,F,F,F,F,F
29-11,th,F,F,F,F,F,F,F,F,F,F,F,F,F,F,F,F,F,F,F,F,F,F,F,F,F
30-11,th,F,F,F,F,F,F,F,F,F,F,F,F,F,F,F,F,F,F,F,F,F,F,F,F,F
1-12,st,F,F,F,F,R,R,R,R,R,R,R,R,R,R,R,R,R,R,R,R,R,R,R,R,R
2-12,nd,R,R,R,R,R,R,R,R,R,R,R,R,R,R,R,R,R,R,R,R,R,R,R,R,R
3-12,rd,R,R,R,R,R,R,R,R,R,R,R,R,R,R,R,R,R,R,R,R,R,R,R,R,R
4-12,th,R,R,R,R,R,R,R,R,R,R,R,R,R,R,W,W,W,W,W,W,W,W,W,W,W
5-12,th,W,W,W,W,W,W,W,W,W,W,W,W,W,W,W,W,W,W,W,W,W,W,W,L,L
6-12,th,L,L,L,L,L,L,L,L,L,L,L,L,L,L,L,L,L,L,L,L,L,L,L,L,L
7-12,th,L,L,L,L,L,L,L,L,L,L,L,L,L,L,L,L,L,L,L,L,L,L,L,L,L
8-12,th,L,L,L,L,L,L,L,L,L,L,F,F,F,F,F,F,F,F,F,F,F,F,F,F,F
9-12,th,F,F,F,U,U,U,U,U,F,F,F,F,F,F,F,F,F,F,F,F,F,F,F,F,F
10-12,th,F,F,F,F,F,F,F,F,F,F,F,F,F,F,U,U,U,U,U,U,U,U,R,R,R
11-12,th,R,R,R,R,R,R,R,R,R,R,R,R,R,R,R,R,R,R,R,R,R,R,R,R,R
12-12,th,R,R,R,R,W,W,W,W,W,W,W,W,W,W,W,W,W,R,R,R,R,R,R,R,R
13-12,th,R,R,R,R,R,R,W,W,W,W,W,W,W,W,W,W,W,W,W,W,W,W,W,W,W
14-12,th,W,W,W,W,W,W,W,W,W,W,W,W,W,W,W,W,W,W,W,W,W,W,W,W,W
15-12,th,W,W,W,W,W,W,W,W,W,L,L,L,L,L,L,L,L,L,L,L,L,L,L,L,L
16-12,th,L,L,L,L,L,L,L,L,L,L,L,L,L,L,L,L,L,L,L,L,L,L,L,L,L
17-12,th,L,L,L,L,L,L,L,L,L,L,L,L,L,L,L,L,L,L,L,L,L,L,L,L,L
18-12,th,L,L,L,L,L,L,L,L,L,F,F,F,F,F,F,F,F,F,F,F,F,F,F,F,F
19-12,th,F,F,F,F,F,F,F,F,F,F,F,F,F,F,F,F,F,F,F,F,F,F,F,F,F
20-12,th,F,F,F,F,R,R,R,R,R,R,R,R,R,R,R,R,R,R,R,R,R,R,R,R,R
21-12,st,R,R,R,R,R,R,R,R,R,R,W,W,W,W,W,W,W,W,W,W,W,R,R,R,R
22-12,nd,R,R,R,R,R,R,R,R,R,R,R,R,R,R,R,R,W,W,W,W,W,W,W,W,W
23-12,rd,W,W,W,W,W,W,W,W,W,W,W,W,W,W,W,W,W,W,W,W,W,W,U,U,U
24-12,th,U,U,U,U,U,U,U,U,U,U,U,U,U,U,U,U,U,U,U,U,U,U,U,L,L
25-12,th,L,L,L,L,L,L,L,L,L,L,L,L,L,L,L,L,L,L,L,L,L,L,L,L,F
26-12,th,F,F,F,F,F,F,F,F,F,F,F,F,F,F,F,F,F,F,F,F,F,F,F,F,F
27-12,th,F,F,F,F,F,F,F,F,F,F,F,F,F,F,F,F,F,F,F,F,F,F,F,F,F
28-12,th,F,F,F,F,F,F,F,F,F,F,R,R,R,R,R,R,R,R,R,R,R,R,R,R,R
29-12,th,R,R,R,R,R,R,R,R,R,R,R,R,R,R,R,R,R,R,R,R,R,R,R,R,R
30-12,th,R,R,R,R,R,R,R,R,R,R,R,R,R,R,R,R,R,R,R,R,R,R,R,R,R
31-12,st,R,R,R,R,R,R,R,R,R,R,R,R,R,R,R,R,R,R,R,W,W,W,W,W,W